<?xml version="1.0" encoding="utf-8"?>
<ApplicationInstallerManifest>
   <DefaultInstallationDirectory>/Applications/PIL_Toolbox/Deforminator_PIL/</DefaultInstallationDirectory>
   <ApplicationName>Deforminator_PIL</ApplicationName>
   <ExecutableName>application/Deforminator_PIL.exe</ExecutableName>
   <GUID>27153cbf-42f9-4567-b746-d49b08336072</GUID>
   <ApplicationIcon>default_icon_48.png</ApplicationIcon>
   <Logo>default_logo.png</Logo>
   <Version>1.0</Version>
   <AuthorOrganization>University of California San Diego</AuthorOrganization>
   <Summary>Linear Registration tool for Lung MRI Images</Summary>
   <WelcomePanelText>Deforminator_PIL 1.0
Linear Registration tool for Lung MRI Images
Pulmonary Imaging Laboratory</WelcomePanelText>
   <MCRProducts>
      <MCRProduct>
         <ExternalProductIdentifier>35000</ExternalProductIdentifier>
      </MCRProduct>
      <MCRProduct>
         <ExternalProductIdentifier>35001</ExternalProductIdentifier>
      </MCRProduct>
   </MCRProducts>
</ApplicationInstallerManifest>