<?xml version="1.0" encoding="utf-8"?>
<ApplicationInstallerManifest>
   <DefaultInstallationDirectory>/Applications/Pulmonary_Imaging_Toolbox/Deforminator_PIL/</DefaultInstallationDirectory>
   <ApplicationName>Deforminator_PIL</ApplicationName>
   <ExecutableName>application/Deforminator_PIL.exe</ExecutableName>
   <GUID>8fbbe341-f0a0-4bf7-bca5-9328f5db6db9</GUID>
   <ApplicationIcon>default_icon_48.png</ApplicationIcon>
   <Logo>default_logo.png</Logo>
   <Version>1.1</Version>
   <AuthorOrganization>University of California San Diego</AuthorOrganization>
   <WelcomePanelText>Deforminator_PIL 1.1
Pulmonary Imaging Laboratory</WelcomePanelText>
   <MCRProducts>
      <MCRProduct>
         <ExternalProductIdentifier>35000</ExternalProductIdentifier>
      </MCRProduct>
      <MCRProduct>
         <ExternalProductIdentifier>35001</ExternalProductIdentifier>
      </MCRProduct>
   </MCRProducts>
</ApplicationInstallerManifest>